0.5000,-99.6416558730
0.5100,-99.6995006990
0.5200,-99.7529500230
0.5300,-99.8023404760
0.5400,-99.8479804580
0.5500,-99.8901527810
0.5600,-99.9291169970
0.5700,-99.9651115250
0.5800,-99.9983555460
0.5900,-100.0290507200
0.6000,-100.0573827200
0.6100,-100.0835226400
0.6200,-100.1076282500
0.6300,-100.1298451300
0.6400,-100.1503077300
0.6500,-100.1691402700
0.6600,-100.1864576400
0.6700,-100.2023661500
0.6800,-100.2169642200
0.6900,-100.2303430400
0.7000,-100.2425871600
0.7100,-100.2537750000
0.7200,-100.2639793600
0.7300,-100.2732678300
0.7400,-100.2817032000
0.7500,-100.2893438600
0.7600,-100.2962441000
0.7700,-100.3024544300
0.7800,-100.3080218600
0.7900,-100.3129901600
0.8000,-100.3174001200
0.8100,-100.3212897200
0.8200,-100.3246943700
0.8300,-100.3276470900
0.8400,-100.3301786700
0.8500,-100.3323178500
0.8600,-100.3340914300
0.8700,-100.3355244500
0.8800,-100.3366402800
0.8900,-100.3374607800
0.9000,-100.3380063400
0.9100,-100.3382960500
0.9200,-100.3383477700
0.9300,-100.3381781900
0.9400,-100.3378029500
0.9500,-100.3372366700
0.9600,-100.3364930800
0.9700,-100.3355850000
0.9800,-100.3345244900
0.9900,-100.3333228400
1.0000,-100.3319906400
1.0100,-100.3305378200
1.0200,-100.3289737100
1.0300,-100.3273070600
1.0400,-100.3255460900
1.0500,-100.3236985100
1.0600,-100.3217715800
1.0700,-100.3197720700
1.0800,-100.3177064100
1.0900,-100.3155805800
1.1000,-100.3134002300
1.1100,-100.3111706600
1.1200,-100.3088968400
1.1300,-100.3065834400
1.1400,-100.3042348500
1.1500,-100.3018552000
1.1600,-100.2994483500
1.1700,-100.2970179500
1.1800,-100.2945673800
1.1900,-100.2920998700
1.2000,-100.2896184100
1.2100,-100.2871258200
1.2200,-100.2846247500
1.2300,-100.2821176800
1.2400,-100.2796069300
1.2500,-100.2770947000
1.2600,-100.2745830300
1.2700,-100.2720738400
1.2800,-100.2695689300
1.2900,-100.2670700000
1.3000,-100.2645786300
1.3100,-100.2620963200
1.3200,-100.2596244500
1.3300,-100.2571643500
1.3400,-100.2547172300
1.3500,-100.2522842600
1.3600,-100.2498665200
1.3700,-100.2474650300
1.3800,-100.2450807500
1.3900,-100.2427145800
1.4000,-100.2403673600
1.4100,-100.2380398900
1.4200,-100.2357329100
1.4300,-100.2334471300
1.4400,-100.2311832000
1.4500,-100.2289417600
1.4600,-100.2267233700
1.4700,-100.2245286000
1.4800,-100.2223579500
1.4900,-100.2202119200
1.5000,-100.2180909500
1.5100,-100.2159954700
1.5200,-100.2139259000
1.5300,-100.2118825900
1.5400,-100.2098659100
1.5500,-100.2078761800
1.5600,-100.2059137100
1.5700,-100.2039787800
1.5800,-100.2020716700
1.5900,-100.2001926200
1.6000,-100.1983418600
1.6100,-100.1965195900
1.6200,-100.1947266200
1.6300,-100.1929619400
1.6400,-100.1912262900
1.6500,-100.1895198200
1.6600,-100.1878426500
1.6700,-100.1861949000
1.6800,-100.1845766800
1.6900,-100.1829880700
1.7000,-100.1814291300
1.7100,-100.1798999400
1.7200,-100.1784005300
1.7300,-100.1769309400
1.7400,-100.1754912000
1.7500,-100.1740813000
1.7600,-100.1727012400
1.7700,-100.1713510200
1.7800,-100.1700308000
1.7900,-100.1687401300
1.8000,-100.1674791800
1.8100,-100.1662478700
1.8200,-100.1650461300
1.8300,-100.1638738700
1.8400,-100.1627310100
1.8500,-100.1616174200
1.8600,-100.1605330100
1.8700,-100.1594776300
1.8800,-100.1584511500
1.8900,-100.1574534300
1.9000,-100.1564843000
1.9100,-100.1555435900
1.9200,-100.1546311300
1.9300,-100.1537467400
1.9400,-100.1528902000
1.9500,-100.1520613300
1.9600,-100.1512598900
1.9700,-100.1504856800
1.9800,-100.1497384600
1.9900,-100.1490179700
2.0000,-100.1483239900
2.0100,-100.1476562400
2.0200,-100.1470144700
2.0300,-100.1463984000
2.0400,-100.1458077500
2.0500,-100.1452422200
2.0600,-100.1447015400
2.0700,-100.1441853900
2.0800,-100.1436934600
2.0900,-100.1432254400
2.1000,-100.1427810200
2.1100,-100.1423598500
2.1200,-100.1419616100
2.1300,-100.1415859700
2.1400,-100.1412325700
2.1500,-100.1409010700
2.1600,-100.1405911100
2.1700,-100.1403023400
2.1800,-100.1400344000
2.1900,-100.1397869200
2.2000,-100.1395595400
2.2100,-100.1393518700
2.2200,-100.1391635500
2.2300,-100.1389941900
2.2400,-100.1388434300
2.2500,-100.1387108600
2.2600,-100.1385961300
2.2700,-100.1384988200
2.2800,-100.1384185700
2.2900,-100.1383549800
2.3000,-100.1383076500
2.3100,-100.1382762300
2.3200,-100.1382603000
2.3300,-100.1382594900
2.3400,-100.1382734000
2.3500,-100.1383016700
2.3600,-100.1383438000
2.3700,-100.1383995900
2.3800,-100.1384685400
2.3900,-100.1385502900
2.4000,-100.1386444600
2.4100,-100.1387506800
2.4200,-100.1388685800
2.4300,-100.1389977800
2.4400,-100.1391379200
2.4500,-100.1392886300
2.4600,-100.1394495600
2.4700,-100.1396203400
2.4800,-100.1398006300
2.4900,-100.1399900600
2.5000,-100.1401883100
2.5100,-100.1403950200
2.5200,-100.1406098700
2.5300,-100.1408325200
2.5400,-100.1410626500
2.5500,-100.1412999400
2.5600,-100.1415440600
2.5700,-100.1417947100
2.5800,-100.1420515900
2.5900,-100.1423143900
2.6000,-100.1425828300
2.6100,-100.1428566000
2.6200,-100.1431354400
2.6300,-100.1434190500
2.6400,-100.1437071800
2.6500,-100.1439995600
2.6600,-100.1442959200
2.6700,-100.1445960100
2.6800,-100.1448995900
2.6900,-100.1452064100
2.7000,-100.1455162400
2.7100,-100.1458288400
2.7200,-100.1461439300
2.7300,-100.1464614100
2.7400,-100.1467810200
2.7500,-100.1471025400
2.7600,-100.1474257800
2.7700,-100.1477505300
2.7800,-100.1480767300
2.7900,-100.1484039700
2.8000,-100.1487321700
2.8100,-100.1490611700
2.8200,-100.1493907900
2.8300,-100.1497208700
2.8400,-100.1500512600
2.8500,-100.1503818100
2.8600,-100.1507123600
2.8700,-100.1510427700
2.8800,-100.1513729200
2.8900,-100.1517026600
2.9000,-100.1520318800
2.9100,-100.1523605300
2.9200,-100.1526883400
2.9300,-100.1530152700
2.9400,-100.1533412100
2.9500,-100.1536660600
2.9600,-100.1539897100
2.9700,-100.1543120600
2.9800,-100.1546330300
2.9900,-100.1549525300
3.0000,-100.1552704800
3.0100,-100.1555867800
3.0200,-100.1559013700
3.0300,-100.1562141700
3.0400,-100.1565251500
3.0500,-100.1568341600
3.0600,-100.1571411900
3.0700,-100.1574461600
3.0800,-100.1577490900
3.0900,-100.1580497900
3.1000,-100.1583482800
3.1100,-100.1586445100
3.1200,-100.1589384300
3.1300,-100.1592300100
3.1400,-100.1595191900
3.1500,-100.1598059400
3.1600,-100.1600902400
3.1700,-100.1603719800
3.1800,-100.1606512400
3.1900,-100.1609277800
3.2000,-100.1612018700
3.2100,-100.1614733800
3.2200,-100.1617422700
3.2300,-100.1620085200
3.2400,-100.1622721100
3.2500,-100.1625330200
3.2600,-100.1627912300
3.2700,-100.1630467200
3.2800,-100.1632995000
3.2900,-100.1635494900
3.3000,-100.1637967400
3.3100,-100.1640412500
3.3200,-100.1642830000
3.3300,-100.1645220000
3.3400,-100.1647581900
3.3500,-100.1649917000
3.3600,-100.1652223500
3.3700,-100.1654503000
3.3800,-100.1656755100
3.3900,-100.1658979000
3.4000,-100.1661175700
3.4100,-100.1663345000
3.4200,-100.1665486600
3.4300,-100.1667601800
3.4400,-100.1669687400
3.4500,-100.1671747600
3.4600,-100.1673780700
3.4700,-100.1675786800
3.4800,-100.1677766100
3.4900,-100.1679718600
3.5000,-100.1681644600
3.5100,-100.1683544100
3.5200,-100.1685417300
3.5300,-100.1687264400
3.5400,-100.1689085400
3.5500,-100.1690880600
3.5600,-100.1692650100
3.5700,-100.1694394100
3.5800,-100.1696112700
3.5900,-100.1697807800
3.6000,-100.1699476100
3.6100,-100.1701120000
3.6200,-100.1702737800
3.6300,-100.1704333000
3.6400,-100.1705903400
3.6500,-100.1707449600
3.6600,-100.1708974100
3.6700,-100.1710473200
3.6800,-100.1711950800
3.6900,-100.1713404100
3.7000,-100.1714831800
3.7100,-100.1716238300
3.7200,-100.1717622700
3.7300,-100.1718984700
3.7400,-100.1720324800
3.7500,-100.1721642900
3.7600,-100.1722939300
3.7700,-100.1724214400
3.7800,-100.1725468200
3.7900,-100.1726701100
3.8000,-100.1727913200
3.8100,-100.1729104700
3.8200,-100.1730275900
3.8300,-100.1731427100
3.8400,-100.1732558200
3.8500,-100.1733669800
3.8600,-100.1734762000
3.8700,-100.1735834900
3.8800,-100.1736888800
3.8900,-100.1737924100
3.9000,-100.1738940700
3.9100,-100.1739940900
3.9200,-100.1740919200
3.9300,-100.1741884900
3.9400,-100.1742826200
3.9500,-100.1743753400
3.9600,-100.1744663400
3.9700,-100.1745556300
3.9800,-100.1746432400
3.9900,-100.1747291900
4.0000,-100.1748135000
4.0100,-100.1748961900
4.0200,-100.1749772900
4.0300,-100.1750568100
4.0400,-100.1751347900
4.0500,-100.1752111500
4.0600,-100.1752860300
4.0700,-100.1753594400
4.0800,-100.1754313900
4.0900,-100.1755018900
4.1000,-100.1755709600
4.1100,-100.1756385800
4.1200,-100.1757048200
4.1300,-100.1757696900
4.1400,-100.1758332400
4.1500,-100.1758953100
4.1600,-100.1759562500
4.1700,-100.1760158400
4.1800,-100.1760742600
4.1900,-100.1761309200
4.2000,-100.1761866100
4.2100,-100.1762411000
4.2200,-100.1762944200
4.2300,-100.1763465700
4.2400,-100.1763972800
4.2500,-100.1764469900
4.2600,-100.1764955600
4.2700,-100.1765430000
4.2800,-100.1765893100
4.2900,-100.1766345300
4.3000,-100.1766786700
4.3100,-100.1767217300
4.3200,-100.1767637500
4.3300,-100.1768047200
4.3400,-100.1768446700
4.3500,-100.1768836200
4.3600,-100.1769215800
4.3700,-100.1769585500
4.3800,-100.1769945700
4.3900,-100.1770294300
4.4000,-100.1770637300
4.4100,-100.1770969900
4.4200,-100.1771292400
4.4300,-100.1771607400
4.4400,-100.1771913400
4.4500,-100.1772210100
4.4600,-100.1772497900
4.4700,-100.1772777100
4.4800,-100.1773048900
4.4900,-100.1773312300
4.5000,-100.1773567900
4.5100,-100.1773814200
4.5200,-100.1774055100
4.5300,-100.1774289600
4.5400,-100.1774512000
4.5500,-100.1774729000
4.5600,-100.1774946500
4.5700,-100.1775141000
