0.5000,-99.3793979962
0.5100,-99.4369135021
0.5200,-99.4900208135
0.5300,-99.5390575304
0.5400,-99.5843330117
0.5500,-99.6261309883
0.5600,-99.6647119053
0.5700,-99.7003150253
0.5800,-99.7331603210
0.5900,-99.7634501824
0.6000,-99.7913709578
0.6100,-99.8170943475
0.6200,-99.8407786666
0.6300,-99.8625699894
0.6400,-99.8826031877
0.6500,-99.9010028745
0.6600,-99.9178842611
0.6700,-99.9333539365
0.6800,-99.9475105768
0.6900,-99.9604455911
0.7000,-99.9722437086
0.7100,-99.9829835152
0.7200,-99.9927379408
0.7300,-100.0015747050
0.7400,-100.0095567230
0.7500,-100.0167424770
0.7600,-100.0231863550
0.7700,-100.0289389610
0.7800,-100.0340473980
0.7900,-100.0385555290
0.8000,-100.0425042170
0.8100,-100.0459315410
0.8200,-100.0488730000
0.8300,-100.0513617000
0.8400,-100.0534285220
0.8500,-100.0551022820
0.8600,-100.0564098780
0.8700,-100.0573764230
0.8800,-100.0580253730
0.8900,-100.0583786390
0.9000,-100.0584566990
0.9100,-100.0582786920
0.9200,-100.0578625180
0.9300,-100.0572249130
0.9400,-100.0563815400
0.9500,-100.0553470530
0.9600,-100.0541351700
0.9700,-100.0527587350
0.9800,-100.0512297760
0.9900,-100.0495595610
1.0000,-100.0477586460
1.0100,-100.0458369230
1.0200,-100.0438036610
1.0300,-100.0416675520
1.0400,-100.0394367410
1.0500,-100.0371188630
1.0600,-100.0347210770
1.0700,-100.0322500960
1.0800,-100.0297122110
1.0900,-100.0271133200
1.1000,-100.0244589500
1.1100,-100.0217542820
1.1200,-100.0190041720
1.1300,-100.0162131650
1.1400,-100.0133855230
1.1500,-100.0105252340
1.1600,-100.0076360320
1.1700,-100.0047214100
1.1800,-100.0017846390
1.1900,-99.9988287750
1.2000,-99.9958566780
1.2100,-99.9928710193
1.2200,-99.9898742951
1.2300,-99.9868688369
1.2400,-99.9838568212
1.2500,-99.9808402795
1.2600,-99.9778211069
1.2700,-99.9748010709
1.2800,-99.9717818193
1.2900,-99.9687648879
1.3000,-99.9657517073
1.3100,-99.9627436101
1.3200,-99.9597418367
1.3300,-99.9567475416
1.3400,-99.9537617990
1.3500,-99.9507856077
1.3600,-99.9478198962
1.3700,-99.9448655272
1.3800,-99.9419233022
1.3900,-99.9389939650
1.4000,-99.9360782057
1.4100,-99.9331766640
1.4200,-99.9302899329
1.4300,-99.9274185609
1.4400,-99.9245630556
1.4500,-99.9217238857
1.4600,-99.9189014835
1.4700,-99.9160962474
1.4800,-99.9133085438
1.4900,-99.9105387087
1.5000,-99.9077870500
1.5100,-99.9050538486
1.5200,-99.9023393605
1.5300,-99.8996438176
1.5400,-99.8969674293
1.5500,-99.8943103836
1.5600,-99.8916728486
1.5700,-99.8890549730
1.5800,-99.8864568873
1.5900,-99.8838787049
1.6000,-99.8813205225
1.6100,-99.8787824216
1.6200,-99.8762644686
1.6300,-99.8737667158
1.6400,-99.8712892022
1.6500,-99.8688319538
1.6600,-99.8663949847
1.6700,-99.8639782972
1.6800,-99.8615818828
1.6900,-99.8592057225
1.7000,-99.8568497872
1.7100,-99.8545140386
1.7200,-99.8521984296
1.7300,-99.8499029044
1.7400,-99.8476273995
1.7500,-99.8453718438
1.7600,-99.8431361591
1.7700,-99.8409202608
1.7800,-99.8387240578
1.7900,-99.8365474534
1.8000,-99.8343903457
1.8100,-99.8322526275
1.8200,-99.8301341872
1.8300,-99.8280349089
1.8400,-99.8259546727
1.8500,-99.8238933553
1.8600,-99.8218508302
1.8700,-99.8198269679
1.8800,-99.8178216364
1.8900,-99.8158347014
1.9000,-99.8138660264
1.9100,-99.8119154734
1.9200,-99.8099829028
1.9300,-99.8080681737
1.9400,-99.8061711442
1.9500,-99.8042916716
1.9600,-99.8024296125
1.9700,-99.8005848231
1.9800,-99.7987571594
1.9900,-99.7969464770
2.0000,-99.7951526319
2.0100,-99.7933754800
2.0200,-99.7916148774
2.0300,-99.7898706808
2.0400,-99.7881427473
2.0500,-99.7864309345
2.0600,-99.7847351005
2.0700,-99.7830551044
2.0800,-99.7813908056
2.0900,-99.7797420648
2.1000,-99.7781087431
2.1100,-99.7764907026
2.1200,-99.7748878063
2.1300,-99.7732999180
2.1400,-99.7717269026
2.1500,-99.7701686257
2.1600,-99.7686249539
2.1700,-99.7670957546
2.1800,-99.7655808963
2.1900,-99.7640802484
2.2000,-99.7625936811
2.2100,-99.7611210654
2.2200,-99.7596622734
2.2300,-99.7582171780
2.2400,-99.7567856530
2.2500,-99.7553675729
2.2600,-99.7539628134
2.2700,-99.7525712506
2.2800,-99.7511927618
2.2900,-99.7498272250
2.3000,-99.7484745190
2.3100,-99.7471345236
2.3200,-99.7458071193
2.3300,-99.7444921873
2.3400,-99.7431896100
2.3500,-99.7418992703
2.3600,-99.7406210521
2.3700,-99.7393548402
2.3800,-99.7381005201
2.3900,-99.7368579782
2.4000,-99.7356271020
2.4100,-99.7344077796
2.4200,-99.7331999001
2.4300,-99.7320033535
2.4400,-99.7308180307
2.4500,-99.7296438237
2.4600,-99.7284806251
2.4700,-99.7273283287
2.4800,-99.7261868292
2.4900,-99.7250560223
2.5000,-99.7239358046
2.5100,-99.7228260736
2.5200,-99.7217267281
2.5300,-99.7206376677
2.5400,-99.7195587929
2.5500,-99.7184900053
2.5600,-99.7174312077
2.5700,-99.7163823037
2.5800,-99.7153431980
2.5900,-99.7143137962
2.6000,-99.7132940052
2.6100,-99.7122837325
2.6200,-99.7112828871
2.6300,-99.7102913785
2.6400,-99.7093091177
2.6500,-99.7083360163
2.6600,-99.7073719871
2.6700,-99.7064169438
2.6800,-99.7054708012
2.6900,-99.7045334748
2.7000,-99.7036048812
2.7100,-99.7026849380
2.7200,-99.7017735637
2.7300,-99.7008706775
2.7400,-99.6999761998
2.7500,-99.6990900517
2.7600,-99.6982121550
2.7700,-99.6973424328
2.7800,-99.6964808085
2.7900,-99.6956272068
2.8000,-99.6947815527
2.8100,-99.6939437725
2.8200,-99.6931137928
2.8300,-99.6922915412
2.8400,-99.6914769459
2.8500,-99.6906699360
2.8600,-99.6898704410
2.8700,-99.6890783913
2.8800,-99.6882937180
2.8900,-99.6875163526
2.9000,-99.6867462273
2.9100,-99.6859832752
2.9200,-99.6852274296
2.9300,-99.6844786246
2.9400,-99.6837367948
2.9500,-99.6830018754
2.9600,-99.6822738021
2.9700,-99.6815525111
2.9800,-99.6808379393
2.9900,-99.6801300239
3.0000,-99.6794287027
3.0100,-99.6787339139
3.0200,-99.6780455964
3.0300,-99.6773636892
3.0400,-99.6766881321
3.0500,-99.6760188652
3.0600,-99.6753558290
3.0700,-99.6746989646
3.0800,-99.6740482134
3.0900,-99.6734035173
3.1000,-99.6727648186
3.1100,-99.6721320599
3.1200,-99.6715051844
3.1300,-99.6708841356
3.1400,-99.6702688574
3.1500,-99.6696592942
3.1600,-99.6690553908
3.1700,-99.6684570922
3.1800,-99.6678643439
3.1900,-99.6672770920
3.2000,-99.6666952826
3.2100,-99.6661188626
3.2200,-99.6655477789
3.2300,-99.6649819792
3.2400,-99.6644214112
3.2500,-99.6638660232
3.2600,-99.6633157638
3.2700,-99.6627705822
3.2800,-99.6622304276
3.2900,-99.6616952500
3.3000,-99.6611649995
3.3100,-99.6606396267
3.3200,-99.6601190826
3.3300,-99.6596033185
3.3400,-99.6590922862
3.3500,-99.6585859379
3.3600,-99.6580842260
3.3700,-99.6575871035
3.3800,-99.6570945237
3.3900,-99.6566064403
3.4000,-99.6561228074
3.4100,-99.6556435795
3.4200,-99.6551687114
3.4300,-99.6546981584
3.4400,-99.6542318763
3.4500,-99.6537698209
3.4600,-99.6533119488
3.4700,-99.6528582168
3.4800,-99.6524085821
3.4900,-99.6519630022
3.5000,-99.6515214353
3.5100,-99.6510838396
3.5200,-99.6506501740
3.5300,-99.6502203976
3.5400,-99.6497944698
3.5500,-99.6493723507
3.5600,-99.6489540005
3.5700,-99.6485393800
3.5800,-99.6481284500
3.5900,-99.6477211722
3.6000,-99.6473175083
3.6100,-99.6469174204
3.6200,-99.6465208712
3.6300,-99.6461278235
3.6400,-99.6457382406
3.6500,-99.6453520863
3.6600,-99.6449693244
3.6700,-99.6445899194
3.6800,-99.6442138360
3.6900,-99.6438410393
3.7000,-99.6434714948
3.7100,-99.6431051682
3.7200,-99.6427420257
3.7300,-99.6423820337
3.7400,-99.6420251592
3.7500,-99.6416713692
3.7600,-99.6413206313
3.7700,-99.6409729133
3.7800,-99.6406281835
3.7900,-99.6402864103
3.8000,-99.6399475625
3.8100,-99.6396116093
3.8200,-99.6392785202
3.8300,-99.6389482650
3.8400,-99.6386208138
3.8500,-99.6382961371
3.8600,-99.6379742055
3.8700,-99.6376549901
3.8800,-99.6373384623
3.8900,-99.6370245937
3.9000,-99.6367133563
3.9100,-99.6364047223
3.9200,-99.6360986642
3.9300,-99.6357951550
3.9400,-99.6354941676
3.9500,-99.6351956755
3.9600,-99.6348996525
3.9700,-99.6346060724
3.9800,-99.6343149094
3.9900,-99.6340261382
4.0000,-99.6337397336
4.0100,-99.6334556704
4.0200,-99.6331739242
4.0300,-99.6328944705
4.0400,-99.6326172851
4.0500,-99.6323423441
4.0600,-99.6320696239
4.0700,-99.6317991012
4.0800,-99.6315307528
4.0900,-99.6312645558
4.1000,-99.6310004875
4.1100,-99.6307385257
4.1200,-99.6304786481
4.1300,-99.6302208329
4.1400,-99.6299650583
4.1500,-99.6297113030
4.1600,-99.6294595457
4.1700,-99.6292097655
4.1800,-99.6289619416
4.1900,-99.6287160535
4.2000,-99.6284720809
4.2100,-99.6282300037
4.2200,-99.6279898020
4.2300,-99.6277514563
4.2400,-99.6275149471
4.2500,-99.6272802552
4.2600,-99.6270473616
4.2700,-99.6268162474
4.2800,-99.6265868941
4.2900,-99.6263592834
4.3000,-99.6261333969
4.3100,-99.6259092168
4.3200,-99.6256867253
4.3300,-99.6254659047
4.3400,-99.6252467377
4.3500,-99.6250292070
4.3600,-99.6248132957
4.3700,-99.6245989868
4.3800,-99.6243862639
4.3900,-99.6241751103
4.4000,-99.6239655099
4.4100,-99.6237574465
4.4200,-99.6235509041
4.4300,-99.6233458672
4.4400,-99.6231423200
4.4500,-99.6229402472
4.4600,-99.6227396336
4.4700,-99.6225404640
4.4800,-99.6223427237
4.4900,-99.6221463978
4.5000,-99.6219514718
4.5100,-99.6217579314
4.5200,-99.6215657621
4.5300,-99.6213749500
4.5400,-99.6211854812
4.5500,-99.6209973418
4.5600,-99.6208105182
4.5700,-99.6206249970
4.5800,-99.6204407647
4.5900,-99.6202578083
4.6000,-99.6200761147
4.6100,-99.6198956710
4.6200,-99.6197164645
4.6300,-99.6195384826
4.6400,-99.6193617127
4.6500,-99.6191861426
4.6600,-99.6190117600
4.6700,-99.6188385530
4.6800,-99.6186665095
4.6900,-99.6184956178
4.7000,-99.6183258663
4.7100,-99.6181572433
4.7200,-99.6179897375
4.7300,-99.6178233376
4.7400,-99.6176580324
4.7500,-99.6174938109
4.7600,-99.6173306622
4.7700,-99.6171685755
4.7800,-99.6170075401
4.7900,-99.6168475454
4.8000,-99.6166885810
4.8100,-99.6165306366
4.8200,-99.6163737020
4.8300,-99.6162177670
4.8400,-99.6160628217
4.8500,-99.6159088562
4.8600,-99.6157558607
4.8700,-99.6156038255
4.8800,-99.6154527411
4.8900,-99.6153025980
4.9000,-99.6151533869
4.9100,-99.6150050985
4.9200,-99.6148577237
4.9300,-99.6147112534
4.9400,-99.6145656787
4.9500,-99.6144209907
4.9600,-99.6142771806
4.9700,-99.6141342399
4.9800,-99.6139921599
4.9900,-99.6138509322
5.0000,-99.6137105483
5.0100,-99.6135710001
5.0200,-99.6134322792
5.0300,-99.6132943777
5.0400,-99.6131572874
5.0500,-99.6130210005
5.0600,-99.6128855091
5.0700,-99.6127508055
5.0800,-99.6126168819
5.0900,-99.6124837308
5.1000,-99.6123513448
5.1100,-99.6122197163
5.1200,-99.6120888380
5.1300,-99.6119587027
5.1400,-99.6118293031
5.1500,-99.6117006323
5.1600,-99.6115726831
5.1700,-99.6114454487
5.1800,-99.6113189220
5.1900,-99.6111930965
5.2000,-99.6110679652
5.2100,-99.6109435217
5.2200,-99.6108197593
5.2300,-99.6106966715
5.2400,-99.6105742519
5.2500,-99.6104524941
5.2600,-99.6103313919
5.2700,-99.6102109390
5.2800,-99.6100911293
5.2900,-99.6099719567
5.3000,-99.6098534153
5.3100,-99.6097354989
5.3200,-99.6096182019
5.3300,-99.6095015183
5.3400,-99.6093854425
5.3500,-99.6092699687
5.3600,-99.6091550913
5.3700,-99.6090408047
5.3800,-99.6089271036
5.3900,-99.6088139824
5.4000,-99.6087014357
5.4100,-99.6085894583
5.4200,-99.6084780449
5.4300,-99.6083671903
5.4400,-99.6082568894
5.4500,-99.6081471371
5.4600,-99.6080379284
5.4700,-99.6079292582
5.4800,-99.6078211219
5.4900,-99.6077135143
5.5000,-99.6076064309
5.5100,-99.6074998668
5.5200,-99.6073938173
5.5300,-99.6072882779
5.5400,-99.6071832439
5.5500,-99.6070787108
5.5600,-99.6069746741
5.5700,-99.6068711295
5.5800,-99.6067680725
5.5900,-99.6066654988
5.6000,-99.6065634041
5.6100,-99.6064617843
5.6200,-99.6063606351
5.6300,-99.6062599524
5.6400,-99.6061597321
5.6500,-99.6060599703
5.6600,-99.6059606628
5.6700,-99.6058618059
5.6800,-99.6057633955
5.6900,-99.6056654278
5.7000,-99.6055678991
5.7100,-99.6054708056
5.7200,-99.6053741435
5.7300,-99.6052779091
5.7400,-99.6051820989
5.7500,-99.6050867093
5.7600,-99.6049917367
5.7700,-99.6048971776
5.7800,-99.6048030285
5.7900,-99.6047092860
5.8000,-99.6046159468
5.8100,-99.6045230075
5.8200,-99.6044304647
5.8300,-99.6043383153
5.8400,-99.6042465559
5.8500,-99.6041551835
5.8600,-99.6040641948
5.8700,-99.6039735867
5.8800,-99.6038833561
5.8900,-99.6037935001
5.9000,-99.6037040156
5.9100,-99.6036148995
5.9200,-99.6035261491
5.9300,-99.6034377614
5.9400,-99.6033497335
5.9500,-99.6032620625
5.9600,-99.6031747457
5.9700,-99.6030877804
5.9800,-99.6030011637
5.9900,-99.6029148929
6.0000,-99.6028289655
6.0100,-99.6027433787
6.0200,-99.6026581299
6.0300,-99.6025732166
6.0400,-99.6024886363
6.0500,-99.6024043863
6.0600,-99.6023204642
6.0700,-99.6022368675
6.0800,-99.6021535938
6.0900,-99.6020706408
6.1000,-99.6019880059
6.1100,-99.6019056869
6.1200,-99.6018236815
6.1300,-99.6017419874
6.1400,-99.6016606022
6.1500,-99.6015795238
6.1600,-99.6014987498
6.1700,-99.6014182783
6.1800,-99.6013381069
6.1900,-99.6012582336
6.2000,-99.6011786561
6.2100,-99.6010993725
6.2200,-99.6010203807
6.2300,-99.6009416786
6.2400,-99.6008632642
6.2500,-99.6007851355
6.2600,-99.6007072905
6.2700,-99.6006297273
6.2800,-99.6005524439
6.2900,-99.6004754385
6.3000,-99.6003987092
6.3100,-99.6003222540
6.3200,-99.6002460712
6.3300,-99.6001701589
6.3400,-99.6000945154
6.3500,-99.6000191388
6.3600,-99.5999440274
6.3700,-99.5998691794
6.3800,-99.5997945931
6.3900,-99.5997202669
6.4000,-99.5996461990
6.4100,-99.5995723877
6.4200,-99.5994988315
6.4300,-99.5994255286
6.4400,-99.5993524775
6.4500,-99.5992796767
6.4600,-99.5992071244
6.4700,-99.5991348191
6.4800,-99.5990627594
6.4900,-99.5989909436
6.5000,-99.5989193703
6.5100,-99.5988480380
6.5200,-99.5987769452
6.5300,-99.5987060904
6.5400,-99.5986354722
6.5500,-99.5985650892
6.5600,-99.5984949399
6.5700,-99.5984250229
6.5800,-99.5983553369
6.5900,-99.5982858805
6.6000,-99.5982166523
6.6100,-99.5981476510
6.6200,-99.5980788753
6.6300,-99.5980103238
6.6400,-99.5979419952
6.6500,-99.5978738883
6.6600,-99.5978060017
6.6700,-99.5977383343
6.6800,-99.5976708847
6.6900,-99.5976036518
6.7000,-99.5975366342
6.7100,-99.5974698309
6.7200,-99.5974032405
6.7300,-99.5973368619
6.7400,-99.5972706939
6.7500,-99.5972047354
6.7600,-99.5971389852
6.7700,-99.5970734421
6.7800,-99.5970081051
6.7900,-99.5969429730
6.8000,-99.5968780446
6.8100,-99.5968133190
6.8200,-99.5967487949
6.8300,-99.5966844714
6.8400,-99.5966203473
6.8500,-99.5965564217
6.8600,-99.5964926933
6.8700,-99.5964291613
6.8800,-99.5963658246
6.8900,-99.5963026821
6.9000,-99.5962397329
6.9100,-99.5961769759
6.9200,-99.5961144102
6.9300,-99.5960520347
6.9400,-99.5959898485
6.9500,-99.5959278507
6.9600,-99.5958660402
6.9700,-99.5958044162
6.9800,-99.5957429776
6.9900,-99.5956817236
7.0000,-99.5956206532
7.0100,-99.5955597656
7.0200,-99.5954990597
7.0300,-99.5954385347
7.0400,-99.5953781897
7.0500,-99.5953180239
7.0600,-99.5952580363
7.0700,-99.5951982260
7.0800,-99.5951385923
7.0900,-99.5950791342
7.1000,-99.5950198509
7.1100,-99.5949607416
7.1200,-99.5949018054
7.1300,-99.5948430415
7.1400,-99.5947844491
7.1500,-99.5947260274
7.1600,-99.5946677755
7.1700,-99.5946096926
7.1800,-99.5945517780
7.1900,-99.5944940309
7.2000,-99.5944364504
7.2100,-99.5943790359
7.2200,-99.5943217864
7.2300,-99.5942647014
7.2400,-99.5942077799
7.2500,-99.5941510213
7.2600,-99.5940944249
7.2700,-99.5940379897
7.2800,-99.5939817152
7.2900,-99.5939256006
7.3000,-99.5938696452
7.3100,-99.5938138482
7.3200,-99.5937582090
7.3300,-99.5937027268
7.3400,-99.5936474009
7.3500,-99.5935922306
7.3600,-99.5935372153
7.3700,-99.5934823542
7.3800,-99.5934276466
7.3900,-99.5933730919
7.4000,-99.5933186894
7.4100,-99.5932644385
7.4200,-99.5932103384
7.4300,-99.5931563885
7.4400,-99.5931025882
7.4500,-99.5930489367
7.4600,-99.5929954335
7.4700,-99.5929420780
7.4800,-99.5928888693
7.4900,-99.5928358070
7.5000,-99.5927828905
7.5100,-99.5927301189
7.5200,-99.5926774919
7.5300,-99.5926250087
7.5400,-99.5925726687
7.5500,-99.5925204713
7.5600,-99.5924684160
7.5700,-99.5924165020
7.5800,-99.5923647289
7.5900,-99.5923130960
7.6000,-99.5922616027
7.6100,-99.5922102485
7.6200,-99.5921590327
7.6300,-99.5921079548
7.6400,-99.5920570143
7.6500,-99.5920062105
7.6600,-99.5919555428
7.6700,-99.5919050108
7.6800,-99.5918546138
7.6900,-99.5918043513
7.7000,-99.5917542227
7.7100,-99.5917042275
7.7200,-99.5916543652
7.7300,-99.5916046351
7.7400,-99.5915550369
7.7500,-99.5915055698
7.7600,-99.5914562334
7.7700,-99.5914070272
7.7800,-99.5913579506
7.7900,-99.5913090032
7.8000,-99.5912601843
7.8100,-99.5912114935
7.8200,-99.5911629302
7.8300,-99.5911144940
7.8400,-99.5910661843
7.8500,-99.5910180007
7.8600,-99.5909699425
7.8700,-99.5909220094
7.8800,-99.5908742008
7.8900,-99.5908265163
7.9000,-99.5907789553
7.9100,-99.5907315174
7.9200,-99.5906842020
7.9300,-99.5906370087
7.9400,-99.5905899370
7.9500,-99.5905429865
7.9600,-99.5904961566
7.9700,-99.5904494468
7.9800,-99.5904028568
7.9900,-99.5903563861
8.0000,-99.5903100341
8.0100,-99.5902638004
8.0200,-99.5902176846
8.0300,-99.5901716862
8.0400,-99.5901258048
8.0500,-99.5900800398
8.0600,-99.5900343909
8.0700,-99.5899888576
8.0800,-99.5899434395
8.0900,-99.5898981361
8.1000,-99.5898529469
8.1100,-99.5898078716
8.1200,-99.5897629097
8.1300,-99.5897180608
8.1400,-99.5896733244
8.1500,-99.5896287001
8.1600,-99.5895841875
8.1700,-99.5895397862
8.1800,-99.5894954957
8.1900,-99.5894513157
8.2000,-99.5894072456
8.2100,-99.5893632852
8.2200,-99.5893194339
8.2300,-99.5892756914
8.2400,-99.5892320573
8.2500,-99.5891885311
8.2600,-99.5891451125
8.2700,-99.5891018010
8.2800,-99.5890585963
8.2900,-99.5890154979
8.3000,-99.5889725055
8.3100,-99.5889296187
8.3200,-99.5888868370
8.3300,-99.5888441602
8.3400,-99.5888015877
8.3500,-99.5887591192
8.3600,-99.5887167544
8.3700,-99.5886744928
8.3800,-99.5886323340
8.3900,-99.5885902778
8.4000,-99.5885483237
8.4100,-99.5885064713
8.4200,-99.5884647203
8.4300,-99.5884230702
8.4400,-99.5883815208
8.4500,-99.5883400717
8.4600,-99.5882987225
8.4700,-99.5882574728
8.4800,-99.5882163222
8.4900,-99.5881752705
8.5000,-99.5881343173
8.5100,-99.5880934621
8.5200,-99.5880527047
8.5300,-99.5880120447
8.5400,-99.5879714817
8.5500,-99.5879310154
8.5600,-99.5878906455
8.5700,-99.5878503715
8.5800,-99.5878101932
8.5900,-99.5877701103
8.6000,-99.5877301223
8.6100,-99.5876902289
8.6200,-99.5876504299
8.6300,-99.5876107248
8.6400,-99.5875711133
8.6500,-99.5875315951
8.6600,-99.5874921699
8.6700,-99.5874528373
8.6800,-99.5874135971
8.6900,-99.5873744488
8.7000,-99.5873353922
8.7100,-99.5872964269
8.7200,-99.5872575526
8.7300,-99.5872187691
8.7400,-99.5871800759
8.7500,-99.5871414727
8.7600,-99.5871029593
8.7700,-99.5870645353
8.7800,-99.5870262005
8.7900,-99.5869879544
8.8000,-99.5869497969
8.8100,-99.5869117275
8.8200,-99.5868737460
8.8300,-99.5868358521
8.8400,-99.5867980455
8.8500,-99.5867603258
8.8600,-99.5867226929
8.8700,-99.5866851462
8.8800,-99.5866476857
8.8900,-99.5866103109
8.9000,-99.5865730216
8.9100,-99.5865358175
8.9200,-99.5864986983
8.9300,-99.5864616637
8.9400,-99.5864247134
8.9500,-99.5863878471
8.9600,-99.5863510646
8.9700,-99.5863143655
8.9800,-99.5862777496
8.9900,-99.5862412165
9.0000,-99.5862047661
9.0100,-99.5861683980
9.0200,-99.5861321119
9.0300,-99.5860959076
9.0400,-99.5860597847
9.0500,-99.5860237431
9.0600,-99.5859877824
9.0700,-99.5859519024
9.0800,-99.5859161027
9.0900,-99.5858803832
9.1000,-99.5858447436
9.1100,-99.5858091835
9.1200,-99.5857737027
9.1300,-99.5857383010
9.1400,-99.5857029780
9.1500,-99.5856677336
9.1600,-99.5856325674
9.1700,-99.5855974793
9.1800,-99.5855624688
9.1900,-99.5855275359
9.2000,-99.5854926801
9.2100,-99.5854579014
9.2200,-99.5854231993
9.2300,-99.5853885737
9.2400,-99.5853540243
9.2500,-99.5853195508
9.2600,-99.5852851531
9.2700,-99.5852508308
9.2800,-99.5852165837
9.2900,-99.5851824115
9.3000,-99.5851483140
9.3100,-99.5851142910
9.3200,-99.5850803423
9.3300,-99.5850464675
9.3400,-99.5850126664
9.3500,-99.5849789388
9.3600,-99.5849452845
9.3700,-99.5849117031
9.3800,-99.5848781946
9.3900,-99.5848447585
9.4000,-99.5848113948
9.4100,-99.5847781032
9.4200,-99.5847448833
9.4300,-99.5847117351
9.4400,-99.5846786582
9.4500,-99.5846456525
9.4600,-99.5846127177
9.4700,-99.5845798535
9.4800,-99.5845470598
9.4900,-99.5845143364
9.5000,-99.5844816829
9.5100,-99.5844490992
9.5200,-99.5844165850
9.5300,-99.5843841402
9.5400,-99.5843517644
9.5500,-99.5843194576
9.5600,-99.5842872194
9.5700,-99.5842550496
9.5800,-99.5842229481
9.5900,-99.5841909146
9.6000,-99.5841589488
9.6100,-99.5841270507
9.6200,-99.5840952198
9.6300,-99.5840634562
9.6400,-99.5840317595
9.6500,-99.5840001295
9.6600,-99.5839685660
9.6700,-99.5839370688
9.6800,-99.5839056377
9.6900,-99.5838742724
9.7000,-99.5838429729
9.7100,-99.5838117388
9.7200,-99.5837805700
9.7300,-99.5837494662
9.7400,-99.5837184273
9.7500,-99.5836874531
9.7600,-99.5836565432
9.7700,-99.5836256977
9.7800,-99.5835949162
9.7900,-99.5835641985
9.8000,-99.5835335445
9.8100,-99.5835029539
9.8200,-99.5834724266
9.8300,-99.5834419623
9.8400,-99.5834115609
9.8500,-99.5833812222
9.8600,-99.5833509459
9.8700,-99.5833207319
9.8800,-99.5832905800
9.8900,-99.5832604900
9.9000,-99.5832304617
9.9100,-99.5832004949
9.9200,-99.5831705895
9.9300,-99.5831407451
9.9400,-99.5831109618
9.9500,-99.5830812391
9.9600,-99.5830515771
9.9700,-99.5830219754
9.9800,-99.5829924340
9.9900,-99.5829629525
10.0000,-99.5829335309
